{
  "project_info": {
    "project_number": "26404218901",
    "firebase_url": "https://fitrition-3a967-default-rtdb.asia-southeast1.firebasedatabase.app",
    "project_id": "fitrition-3a967",
    "storage_bucket": "fitrition-3a967.appspot.com"
  },
  "client": [
    {
      "client_info": {
        "mobilesdk_app_id": "1:26404218901:android:fc98377f00b9b2e890061c",
        "android_client_info": {
          "package_name": "com.example.fitrition"
        }
      },
      "oauth_client": [
        {
          "client_id": "26404218901-idf81s59ufns5o781jpn1jc5lfu7qgig.apps.googleusercontent.com",
          "client_type": 3
        }
      ],
      "api_key": [
        {
          "current_key": "AIzaSyA-MmG5e4bRf9XcAubV2W4XIE4pPLYhNKY"
        }
      ],
      "services": {
        "appinvite_service": {
          "other_platform_oauth_client": [
            {
              "client_id": "26404218901-idf81s59ufns5o781jpn1jc5lfu7qgig.apps.googleusercontent.com",
              "client_type": 3
            }
          ]
        }
      }
    }
  ],
  "configuration_version": "1"
}